{
  "avg_linear": 6.2956998590379955e-06,
  "avg_dict": 3.4989789128303527e-07,
  "speedup": 17.992963135480437
}